{
  "name": "nyasc-platform",
  "version": "1.0.0",
  "private": true,
  "scripts": {
    "start": "node server.js",
    "build": "next build"
  },
  "dependencies": {
    "next": "^15.5.4",
    "react": "^18.2.0",
    "react-dom": "^18.2.0",
    "@aws-sdk/client-dynamodb": "^3.0.0",
    "@aws-sdk/lib-dynamodb": "^3.0.0",
    "@aws-sdk/client-s3": "^3.0.0",
    "@aws-sdk/client-ses": "^3.0.0",
    "@aws-sdk/client-cognito-identity-provider": "^3.0.0",
    "stripe": "^14.0.0",
    "zod": "^3.22.0",
    "jose": "^5.0.0",
    "cookie": "^0.6.0"
  }
}
