[
  {
    "id": "post-1",
    "slug": "day-in-life-school-counselor-real-stories",
    "title": "A Day in the Life of a School Counselor: Real Stories from the Field",
    "excerpt": "Join us as we follow a typical day in the life of a school counselor, from morning meetings to student sessions. Discover the challenges, rewards, and impact of this vital role in education.",
    "content": "# A Day in the Life of a School Counselor: Real Stories from the Field\n\nEver wondered what a school counselor's day really looks like? Join us as we follow Sarah, a middle school counselor, through a typical Tuesday that showcases the diverse and impactful work of school counselors.\n\n## 7:30 AM - Morning Preparation\n\nSarah arrives at school 30 minutes before students to prepare for the day. She reviews her schedule, checks emails from parents and teachers, and prepares materials for her morning group session.\n\n\"I like to start my day with intention,\" Sarah explains. \"This quiet time helps me center myself before the chaos begins.\"\n\n## 8:00 AM - Student Check-ins\n\nAs students arrive, Sarah makes her rounds through the hallways, greeting students and checking in with those who might be struggling. She notices Marcus, a 7th grader who has been having attendance issues.\n\n\"Good morning, Marcus! I'm glad to see you here today. How are you feeling?\"\n\nThese brief interactions often reveal important information about student well-being and help build trusting relationships.\n\n## 8:30 AM - Group Counseling Session\n\nSarah leads a small group session with 6 students who are working on social skills. Today's topic is conflict resolution, using role-playing scenarios to practice effective communication.\n\n\"I love seeing the lightbulb moments when students realize they have the power to resolve conflicts peacefully,\" Sarah shares.\n\n## 10:15 AM - Individual Counseling\n\nSarah meets with Emma, a 6th grader who has been experiencing anxiety about upcoming standardized tests. They work through breathing exercises and create a personalized study plan.\n\n\"Every student is unique, and what works for one might not work for another. It's about finding the right tools for each individual,\" Sarah notes.\n\n## 11:30 AM - Teacher Consultation\n\nSarah meets with Mr. Johnson, a math teacher who is concerned about a student's sudden change in behavior. They discuss strategies for supporting the student and plan a follow-up meeting.\n\n\"Collaboration with teachers is crucial. They see students in a different context and often notice things I might miss.\"\n\n## 12:30 PM - Lunch Duty\n\nDuring lunch duty, Sarah observes student interactions and identifies potential conflicts before they escalate. She also takes the opportunity to connect with students in a more relaxed setting.\n\n## 1:15 PM - Crisis Intervention\n\nA student comes to Sarah's office in distress after receiving news about a family member's illness. Sarah provides immediate support and helps the student develop a plan for managing their emotions throughout the day.\n\n\"Crisis situations require immediate attention, but they also remind me why I chose this profession. Being there for students during their most difficult moments is incredibly meaningful.\"\n\n## 2:30 PM - Parent Meeting\n\nSarah meets with the parents of a student who has been struggling academically. They discuss the student's strengths, challenges, and develop a collaborative plan for support.\n\n\"Parent meetings can be challenging, but when we work together as a team, we can make a real difference in a student's life.\"\n\n## 3:45 PM - Administrative Tasks\n\nSarah spends the last part of her day completing paperwork, updating student files, and preparing for tomorrow's sessions. She also responds to emails and makes phone calls to community resources.\n\n## 4:30 PM - Reflection and Planning\n\nBefore leaving, Sarah takes time to reflect on the day and plan for tomorrow. She notes which students need follow-up and prepares materials for upcoming sessions.\n\n\"Self-reflection is essential in this work. I need to constantly evaluate what's working and what needs adjustment.\"\n\n## The Impact of School Counseling\n\nSarah's day illustrates the multifaceted role of school counselors. From individual counseling to crisis intervention, from teacher collaboration to parent meetings, school counselors wear many hats.\n\n\"The most rewarding part of my job is seeing students grow and develop the skills they need to succeed,\" Sarah reflects. \"Whether it's helping a student overcome anxiety, resolve a conflict with a peer, or navigate a family crisis, every interaction has the potential to make a lasting impact.\"\n\n## Challenges and Rewards\n\nWhile the work can be emotionally demanding, the rewards are immeasurable. School counselors have the unique opportunity to support students during their most formative years, helping them develop the social, emotional, and academic skills they need for success.\n\n\"Some days are harder than others, but I wouldn't trade this job for anything,\" Sarah concludes. \"Knowing that I'm making a difference in students' lives makes every challenge worth it.\"\n\n## Supporting School Counselors\n\nIf you're a school counselor, remember to take care of yourself. The work is important, but you can't pour from an empty cup. Seek supervision, practice self-care, and don't hesitate to ask for help when you need it.\n\nFor those considering a career in school counseling, know that it's a challenging but incredibly rewarding profession that offers the opportunity to make a real difference in the lives of students and families.",
    "authorName": "Not Your Average School Counselor",
    "authorEmail": "info@notyouraverageschoolcounselor.com",
    "publishedAt": "2024-01-15T10:00:00Z",
    "updatedAt": "2024-01-15T10:00:00Z",
    "status": "published",
    "categories": [
      "School Counseling",
      "Professional Development"
    ],
    "tags": [
      "school counselor life",
      "day in the life",
      "counseling stories",
      "professional development"
    ],
    "grades": [
      "K-5",
      "6-8",
      "9-12"
    ],
    "readingTime": 8,
    "featured": true,
    "seo": {
      "title": "A Day in the Life of a School Counselor: Real Stories and Insights",
      "description": "Follow a typical day in the life of a school counselor. Discover the challenges, rewards, and impact of this vital role in education.",
      "keywords": [
        "school counselor",
        "day in the life",
        "counseling stories",
        "school counseling career"
      ]
    }
  },
  {
    "id": "post-2",
    "slug": "top-5-tips-managing-student-anxiety-effective-strategies",
    "title": "Top 5 Tips for Managing Student Anxiety: Effective Strategies That Work",
    "description": "Discover proven strategies for helping students cope with anxiety. These evidence-based techniques can be implemented immediately in your counseling practice.",
    "content": "# Top 5 Tips for Managing Student Anxiety: Effective Strategies That Work\n\nStudent anxiety is on the rise, and as school counselors, we're on the front lines of helping students develop healthy coping strategies. Here are five evidence-based techniques that have proven effective in my practice.\n\n## 1. Teach the 5-4-3-2-1 Grounding Technique\n\nThe 5-4-3-2-1 grounding technique is a simple but powerful tool for managing acute anxiety. It helps students focus on their present environment rather than their anxious thoughts.\n\n**How to implement:**\n- **5 things you can see** - Have students identify 5 things they can see in their current environment\n- **4 things you can touch** - Ask them to notice 4 things they can physically feel\n- **3 things you can hear** - Guide them to identify 3 sounds around them\n- **2 things you can smell** - Have them notice 2 scents in the air\n- **1 thing you can taste** - Ask them to identify 1 taste in their mouth\n\n**Why it works:** This technique activates the parasympathetic nervous system, helping students return to a calmer state. I've seen students go from panic to calm in just a few minutes using this method.\n\n## 2. Create a \"Worry Time\" Routine\n\nInstead of trying to eliminate worries entirely, teach students to contain them to a specific time each day.\n\n**Implementation steps:**\n1. Set aside 10-15 minutes each day as \"worry time\"\n2. During this time, students can write down all their worries\n- **3. After worry time, they must put the worries away until the next day**\n4. If worries come up at other times, remind them: \"Save that for worry time\"\n\n**Student testimonial:** \"Worry time helped me realize that most of my worries never actually happen. Now I can focus better in class.\" - Emma, 8th grade\n\n## 3. Implement Progressive Muscle Relaxation\n\nProgressive muscle relaxation is particularly effective for students who experience physical symptoms of anxiety.\n\n**Step-by-step process:**\n1. Start with the toes - tense for 5 seconds, then release\n2. Move up through each muscle group (calves, thighs, stomach, arms, shoulders, face)\n3. End with deep breathing\n4. Practice regularly, not just during anxious moments\n\n**Pro tip:** Record a guided version that students can use independently. Many students find this helpful for test anxiety and sleep issues.\n\n## 4. Use the \"STOP\" Technique for Panic Moments\n\nWhen students are in the middle of a panic attack or severe anxiety, the STOP technique provides immediate relief.\n\n**STOP stands for:**\n- **S** - Stop what you're doing\n- **T** - Take a deep breath\n- **O** - Observe what's happening in your body and mind\n- **P** - Proceed with a calming strategy\n\n**Real-world application:** I taught this to a high school student who was experiencing test anxiety. She now uses it before every exam and has seen significant improvement in her performance.\n\n## 5. Develop a Personalized Anxiety Toolkit\n\nEvery student is different, so help them create a personalized toolkit of strategies that work for them.\n\n**Toolkit components might include:**\n- Favorite breathing exercises\n- Calming music or sounds\n- Stress balls or fidget tools\n- Positive affirmations\n- Pictures of loved ones or pets\n- List of coping strategies\n\n**Success story:** Marcus, a 6th grader, created a toolkit that included his favorite song, a stress ball, and a list of \"power phrases\" like \"I can handle this\" and \"This feeling will pass.\" He now carries his toolkit everywhere and feels more confident managing his anxiety.\n\n## Additional Resources and Support\n\n### For Students:\n- **Mindfulness apps** like Headspace for Kids or Calm\n- **Breathing exercises** that can be practiced anywhere\n- **Journaling prompts** for processing anxious thoughts\n\n### For Parents:\n- **Communication strategies** for talking about anxiety\n- **Home environment** modifications to reduce stress\n- **Professional resources** when additional support is needed\n\n### For Teachers:\n- **Classroom accommodations** for anxious students\n- **Recognition signs** of anxiety in the classroom\n- **Support strategies** that don't single out students\n\n## Measuring Success\n\nTrack progress through:\n- **Student self-reports** on anxiety levels\n- **Teacher observations** of behavior changes\n- **Academic performance** improvements\n- **Attendance** and participation rates\n\n## Remember: You're Not Alone\n\nManaging student anxiety can feel overwhelming, but remember that you're part of a larger support system. Collaborate with teachers, parents, and mental health professionals to provide comprehensive support.\n\n**Final thought:** Every small step toward managing anxiety is a victory. Celebrate progress, no matter how small, and remind students that they're stronger than they think.\n\nWhat strategies have worked best in your practice? Share your experiences in the comments below!",
    "authorName": "Not Your Average School Counselor",
    "authorEmail": "info@notyouraverageschoolcounselor.com",
    "publishedAt": "2024-01-10T14:30:00Z",
    "updatedAt": "2024-01-10T14:30:00Z",
    "status": "published",
    "categories": [
      "Mental Health",
      "Student Support"
    ],
    "tags": [
      "anxiety management",
      "student anxiety",
      "counseling strategies",
      "mental health"
    ],
    "grades": [
      "K-5",
      "6-8",
      "9-12"
    ],
    "readingTime": 12,
    "featured": true,
    "seo": {
      "title": "Top 5 Tips for Managing Student Anxiety: Effective Strategies for School Counselors",
      "description": "Discover proven strategies for helping students cope with anxiety. Evidence-based techniques that can be implemented immediately in your counseling practice.",
      "keywords": [
        "student anxiety",
        "anxiety management",
        "school counseling strategies",
        "mental health support"
      ]
    }
  },
  {
    "id": "post-3",
    "slug": "mindfulness-monday-breathing-techniques-students",
    "title": "Mindfulness Monday: Simple Breathing Techniques for Students",
    "excerpt": "Start your week with mindfulness! Learn simple breathing exercises that can help students reduce stress, improve focus, and develop emotional regulation skills.",
    "content": "# Mindfulness Monday: Simple Breathing Techniques for Students\n\nWelcome to Mindfulness Monday! Today we're focusing on one of the most powerful tools in our counseling toolkit: breathing techniques. These simple exercises can help students manage stress, improve focus, and develop better emotional regulation.\n\n## Why Breathing Techniques Work\n\nWhen students are stressed or anxious, their breathing becomes shallow and rapid. This triggers the fight-or-flight response, making it harder to think clearly and manage emotions. Breathing techniques activate the parasympathetic nervous system, helping students return to a calm, focused state.\n\n## Technique 1: The 4-7-8 Breath\n\nThis technique is perfect for students who need to calm down quickly, such as before a test or after a conflict.\n\n**How to do it:**\n1. Inhale through the nose for 4 counts\n2. Hold the breath for 7 counts\n3. Exhale through the mouth for 8 counts\n4. Repeat 3-4 times\n\n**When to use:** Before tests, after conflicts, when feeling overwhelmed\n\n**Student feedback:** \"I use this before every math test now. It really helps me stay calm and focused.\" - Jake, 7th grade\n\n## Technique 2: Box Breathing\n\nBox breathing is excellent for students who need to center themselves and improve concentration.\n\n**How to do it:**\n1. Inhale for 4 counts\n2. Hold for 4 counts\n3. Exhale for 4 counts\n4. Hold for 4 counts\n5. Repeat 4-6 times\n\n**Visual aid:** Have students imagine drawing a box with their breath - up one side, across the top, down the other side, across the bottom.\n\n## Technique 3: Belly Breathing (Diaphragmatic Breathing)\n\nThis technique helps students learn to breathe deeply and fully, which is especially helpful for those who tend to breathe shallowly when stressed.\n\n**How to do it:**\n1. Place one hand on the chest and one on the belly\n2. Breathe in slowly through the nose, letting the belly rise\n3. The chest should move very little\n4. Exhale slowly through the mouth\n5. Repeat 5-10 times\n\n**Teaching tip:** Have students lie down for this exercise initially, as it's easier to feel the belly movement in this position.\n\n## Technique 4: The Calming Breath\n\nThis is a simple technique that can be done anywhere, anytime, without drawing attention.\n\n**How to do it:**\n1. Take a slow, deep breath in through the nose\n2. Hold for a moment\n3. Release slowly through the mouth\n4. Repeat as needed\n\n**Discrete practice:** Students can do this technique in class, during tests, or in any situation where they need to calm down without others noticing.\n\n## Technique 5: The Rainbow Breath\n\nThis technique is perfect for younger students and adds a visual element to make breathing exercises more engaging.\n\n**How to do it:**\n1. Imagine a rainbow in front of you\n2. Breathe in as you trace the rainbow from left to right\n3. Hold your breath at the top of the rainbow\n4. Breathe out as you trace the rainbow from right to left\n5. Repeat 3-5 times\n\n**Extension activity:** Have students draw their own rainbows and use them as visual guides for the breathing exercise.\n\n## Making Breathing Techniques a Habit\n\n### Daily Practice\n\nEncourage students to practice breathing techniques daily, not just when they're stressed. This builds the skill and makes it more effective when needed.\n\n**Morning routine:** Start each day with 2-3 minutes of breathing exercises\n**Transition times:** Use breathing techniques between classes or activities\n**End of day:** Practice breathing exercises before going home\n\n### Creating a Calm Corner\n\nSet up a designated space in your office or classroom where students can go to practice breathing techniques when they need to calm down.\n\n**Calm corner essentials:**\n- Comfortable seating\n- Visual guides for breathing techniques\n- Stress balls or fidget tools\n- Calming music or sounds\n- Timer for guided practice\n\n## Teaching Breathing Techniques to Students\n\n### Start Small\n\nBegin with just one technique and practice it regularly before introducing others. This helps students master the skill and build confidence.\n\n### Make It Fun\n\nUse props, visual aids, and games to make breathing exercises engaging, especially for younger students.\n\n**Ideas:**\n- Use bubbles for breathing practice\n- Have students pretend to blow out birthday candles\n- Use a pinwheel to show the power of breath\n\n### Practice Together\n\nModel the techniques yourself and practice with students. This shows that breathing exercises are valuable for everyone, not just when there's a problem.\n\n## Troubleshooting Common Challenges\n\n### \"I can't focus on my breathing\"\n\nThis is normal! Start with shorter practice sessions and gradually increase the duration. Use guided audio or visual cues to help students stay focused.\n\n### \"It doesn't work for me\"\n\nDifferent techniques work for different people. Encourage students to try various methods and find what works best for them.\n\n### \"I feel silly doing this\"\n\nNormalize breathing exercises by practicing them regularly as a group. Explain the science behind why they work to help students understand their value.\n\n## Resources for Further Learning\n\n### Books\n- \"Breathe Like a Bear\" by Kira Willey (for younger students)\n- \"The Mindful Teen\" by Dzung X. Vo (for older students)\n\n### Apps\n- Headspace for Kids\n- Calm\n- Breathe2Relax\n\n### Online Resources\n- Mindful Schools (mindfulschools.org)\n- The Center for Mindful Self-Compassion\n\n## This Week's Challenge\n\nTry incorporating one breathing technique into your daily routine this week. Notice how it affects your own stress levels and emotional regulation. Then share your experience with your students!\n\n**Remember:** The goal isn't perfection - it's progress. Every moment of mindful breathing is a step toward better emotional regulation and well-being.\n\nWhat breathing techniques have worked best with your students? Share your experiences in the comments below!\n\n---\n\n*Join us next Monday for more mindfulness techniques and strategies for supporting student well-being.*",
    "authorName": "Not Your Average School Counselor",
    "authorEmail": "info@notyouraverageschoolcounselor.com",
    "publishedAt": "2024-01-05T09:00:00Z",
    "updatedAt": "2024-01-05T09:00:00Z",
    "status": "published",
    "categories": [
      "Mindfulness",
      "Mental Health"
    ],
    "tags": [
      "mindfulness",
      "breathing techniques",
      "stress management",
      "emotional regulation"
    ],
    "grades": [
      "K-5",
      "6-8",
      "9-12"
    ],
    "readingTime": 10,
    "featured": true,
    "seo": {
      "title": "Mindfulness Monday: Simple Breathing Techniques for Students",
      "description": "Learn simple breathing exercises to help students reduce stress, improve focus, and develop emotional regulation skills. Perfect for school counselors.",
      "keywords": [
        "mindfulness",
        "breathing techniques",
        "student stress management",
        "emotional regulation"
      ]
    }
  },
  {
    "id": "post-4",
    "slug": "success-story-overcoming-test-anxiety-student-journey",
    "title": "Success Story: Overcoming Test Anxiety - A Student's Journey",
    "excerpt": "Follow Maria's inspiring journey from crippling test anxiety to confident test-taker. Learn about the strategies that helped her succeed and how you can support similar students.",
    "content": "# Success Story: Overcoming Test Anxiety - A Student's Journey\n\nToday I want to share an inspiring story about one of my students who overcame severe test anxiety. Maria's journey from panic attacks to confident test-taking shows the power of persistence, support, and evidence-based strategies.\n\n## The Beginning: Recognizing the Problem\n\nMaria was a bright 8th-grade student who excelled in class discussions and homework but struggled tremendously with tests. Her teachers noticed that despite her strong understanding of the material, her test scores didn't reflect her knowledge.\n\n**Initial signs of test anxiety:**\n- Physical symptoms: sweating, rapid heartbeat, nausea\n- Emotional symptoms: crying, feeling overwhelmed\n- Behavioral symptoms: avoiding tests, asking to leave the room\n- Cognitive symptoms: blanking out, negative self-talk\n\n## The Turning Point\n\nMaria's breaking point came during a math test when she had a full panic attack. She couldn't breathe, started crying, and had to leave the room. That's when her teacher referred her to me.\n\n**Maria's words:** \"I felt like I was drowning. I knew the material, but when I saw the test, my mind went completely blank. I thought I was stupid, even though I knew I wasn't.\"\n\n## Our First Meeting\n\nDuring our initial session, Maria was hesitant to talk about her anxiety. She felt embarrassed and worried that other students would find out.\n\n**Key insights from our first conversation:**\n- Maria's anxiety wasn't just about tests - it was about perfectionism\n- She had unrealistic expectations for herself\n- She lacked coping strategies for managing stress\n- Her self-talk was extremely negative\n\n## Developing a Comprehensive Plan\n\nWe created a multi-faceted approach to address Maria's test anxiety:\n\n### 1. Cognitive Strategies\n\n**Challenging negative thoughts:**\n- Identified Maria's \"anxiety voice\" and learned to recognize when it was speaking\n- Developed positive affirmations to counter negative self-talk\n- Created realistic expectations for test performance\n\n**Example of thought challenging:**\n- **Negative thought:** \"I'm going to fail this test and everyone will think I'm stupid\"\n- **Reality check:** \"I've studied the material and understand it. Even if I don't get a perfect score, that doesn't make me stupid\"\n- **Positive replacement:** \"I'm prepared and I can handle this test\"\n\n### 2. Physical Strategies\n\n**Breathing techniques:**\n- Taught Maria the 4-7-8 breathing technique\n- Practiced box breathing for immediate calm\n- Created a \"calm down kit\" with breathing exercises\n\n**Progressive muscle relaxation:**\n- Practiced tensing and releasing different muscle groups\n- Used this technique before tests and during study sessions\n- Created a routine that Maria could do anywhere\n\n### 3. Behavioral Strategies\n\n**Test preparation routine:**\n- Developed a consistent study schedule\n- Created a pre-test routine that included relaxation techniques\n- Practiced taking practice tests in a similar environment\n\n**During-test strategies:**\n- Start with easier questions to build confidence\n- Use positive self-talk throughout the test\n- Take breaks if needed (with teacher permission)\n- Focus on one question at a time\n\n### 4. Environmental Modifications\n\n**Accommodations:**\n- Extended time on tests\n- Testing in a quiet, separate location\n- Use of noise-canceling headphones\n- Ability to take breaks as needed\n\n## The Journey: Ups and Downs\n\nMaria's progress wasn't linear. There were setbacks, especially during high-stakes tests like standardized assessments.\n\n**Week 3:** Maria had a panic attack during a science test and had to leave the room. She felt like giving up.\n\n**Our response:** We talked about setbacks being normal and part of the learning process. We adjusted our strategies and focused on building her confidence with smaller successes.\n\n**Week 6:** Maria successfully completed a math quiz without panic. She was thrilled!\n\n**Week 10:** Maria took her first full-length test without accommodations and scored a B+. She was proud of herself for the first time in months.\n\n## The Breakthrough\n\nMaria's breakthrough came during a history test. Instead of panicking, she used her breathing techniques, positive self-talk, and test-taking strategies. She not only completed the test but scored an A.\n\n**Maria's reflection:** \"I couldn't believe it. I felt calm and confident. I knew the material, and I trusted myself to show what I knew. It was like a completely different experience.\"\n\n## Long-term Success\n\nBy the end of the school year, Maria had:\n- Reduced her test anxiety by 80% (based on self-report)\n- Improved her test scores significantly\n- Developed confidence in her academic abilities\n- Learned to manage stress in other areas of her life\n- Become a mentor to other students struggling with test anxiety\n\n## Key Strategies That Made the Difference\n\n### 1. Consistent Practice\n\nMaria practiced her coping strategies daily, not just before tests. This built her confidence and made the techniques more effective when she needed them.\n\n### 2. Gradual Exposure\n\nWe started with low-stakes quizzes and gradually worked up to more important tests. This helped Maria build confidence and trust in her abilities.\n\n### 3. Support System\n\nMaria's teachers, parents, and I worked together to provide consistent support and encouragement. This team approach was crucial to her success.\n\n### 4. Celebrating Small Wins\n\nWe celebrated every small victory, from completing a practice test to using a breathing technique during a stressful moment.\n\n## Lessons Learned\n\n### For Students:\n- Test anxiety is common and treatable\n- It's okay to ask for help\n- Progress takes time and patience\n- Small steps lead to big changes\n\n### For Counselors:\n- Comprehensive approaches work best\n- Collaboration with teachers and parents is essential\n- Celebrate progress, no matter how small\n- Be patient - change takes time\n\n### For Teachers:\n- Test anxiety is real and affects performance\n- Accommodations can make a huge difference\n- Positive reinforcement is crucial\n- Work with the counseling team for best results\n\n## Maria's Advice for Other Students\n\n\"Don't give up on yourself. Test anxiety feels overwhelming, but you can overcome it. Find a counselor or teacher you trust, practice the strategies they give you, and remember that your worth isn't determined by a test score. You're so much more than that.\"\n\n## Resources for Supporting Students with Test Anxiety\n\n### Books:\n- \"The Anxiety Workbook for Teens\" by Lisa M. Schab\n- \"What to Do When You Worry Too Much\" by Dawn Huebner\n\n### Apps:\n- Headspace for stress management\n- Calm for relaxation techniques\n- MindShift for anxiety management\n\n### Websites:\n- Anxiety and Depression Association of America\n- National Institute of Mental Health\n- Child Mind Institute\n\n## Final Thoughts\n\nMaria's story reminds us that with the right support, strategies, and persistence, students can overcome even the most challenging obstacles. As school counselors, we have the privilege of being part of these transformative journeys.\n\n**Remember:** Every student's journey is unique. What worked for Maria might not work for another student, and that's okay. The key is to be patient, persistent, and supportive while helping students find the strategies that work best for them.\n\nDo you have a success story about helping a student overcome test anxiety? Share it in the comments below - your experience might help another counselor or student!\n\n---\n\n*If you're a student reading this and struggling with test anxiety, know that you're not alone. Reach out to your school counselor, a trusted teacher, or a parent. Help is available, and you can overcome this challenge.*",
    "authorName": "Not Your Average School Counselor",
    "authorEmail": "info@notyouraverageschoolcounselor.com",
    "publishedAt": "2024-01-01T08:00:00Z",
    "updatedAt": "2024-01-01T08:00:00Z",
    "status": "published",
    "categories": [
      "Success Stories",
      "Mental Health"
    ],
    "tags": [
      "test anxiety",
      "success story",
      "student support",
      "anxiety management"
    ],
    "grades": [
      "6-8",
      "9-12"
    ],
    "readingTime": 15,
    "featured": true,
    "seo": {
      "title": "Success Story: Overcoming Test Anxiety - A Student's Journey",
      "description": "Follow Maria's inspiring journey from crippling test anxiety to confident test-taker. Learn strategies that helped her succeed.",
      "keywords": [
        "test anxiety",
        "student success story",
        "anxiety management",
        "school counseling"
      ]
    }
  }
]