[
  {
    "id": "coupon-1",
    "code": "WELCOME20",
    "name": "Welcome Discount",
    "description": "20% off for new customers",
    "type": "percentage",
    "value": 20,
    "minAmount": 25,
    "maxUses": 1000,
    "usedCount": 45,
    "status": "active",
    "validFrom": "2024-01-01T00:00:00Z",
    "validUntil": "2024-12-31T23:59:59Z",
    "createdAt": "2024-01-01T00:00:00Z",
    "updatedAt": "2024-01-15T10:00:00Z"
  },
  {
    "id": "coupon-2",
    "code": "STUDENT15",
    "name": "Student Discount",
    "description": "$15 off orders over $50",
    "type": "fixed",
    "value": 15,
    "minAmount": 50,
    "maxUses": 500,
    "usedCount": 23,
    "status": "active",
    "validFrom": "2024-01-01T00:00:00Z",
    "validUntil": "2024-06-30T23:59:59Z",
    "createdAt": "2024-01-01T00:00:00Z",
    "updatedAt": "2024-01-15T10:00:00Z"
  }
]