[
  {
    "id": "product-1",
    "slug": "making-friends-keeping-them-communication-conflict-resolution",
    "title": "Making Friends & Keeping Them - Communication & Conflict Resolution",
    "description": "A comprehensive lesson plan focusing on communication skills and conflict resolution for middle school students. Includes interactive activities, role-playing scenarios, and reflection worksheets to help students build lasting friendships.",
    "shortDescription": "Communication and conflict resolution lesson for grades 5-7",
    "price": 4.50,
    "originalPrice": 6.00,
    "status": "active",
    "type": "digital",
    "categories": [
      "Social Emotional Learning",
      "Lesson Plans"
    ],
    "tags": [
      "friendship",
      "communication",
      "conflict resolution",
      "social skills",
      "middle school"
    ],
    "grades": [
      "5-7"
    ],
    "featured": true,
    "cover": "/images/products/making-friends-1.jpg",
    "files": [
      {
        "name": "Making Friends Lesson Plan - PDF",
        "size": 3355443,
        "type": "application/pdf",
        "url": "making-friends-lesson-plan.pdf"
      }
    ],
    "seo": {
      "title": "Making Friends & Keeping Them - Communication Lesson Plan",
      "description": "Interactive lesson plan for teaching communication and conflict resolution skills to middle school students. Includes activities and worksheets.",
      "keywords": [
        "friendship skills",
        "communication",
        "conflict resolution",
        "middle school",
        "social skills"
      ]
    },
    "createdAt": "2024-01-15T10:00:00Z",
    "updatedAt": "2024-01-15T10:00:00Z"
  },
  {
    "id": "product-2",
    "slug": "school-counseling-monthly-parent-newsletters-volume-1",
    "title": "School Counseling 12 Monthly Parent Newsletters - Volume 1",
    "description": "A comprehensive set of 12 monthly newsletter templates designed for effective communication with parents. Each newsletter includes age-appropriate topics, tips, and resources for supporting student development at home.",
    "shortDescription": "12 monthly newsletter templates for parent communication",
    "price": 8.00,
    "originalPrice": 12.00,
    "status": "active",
    "type": "digital",
    "categories": [
      "Parent Communication",
      "Newsletters"
    ],
    "tags": [
      "parent communication",
      "newsletters",
      "templates",
      "monthly",
      "counseling"
    ],
    "grades": [
      "K-5",
      "6-8",
      "9-12"
    ],
    "featured": true,
    "cover": "/images/products/newsletters-1.jpg",
    "files": [
      {
        "name": "Monthly Newsletters - Volume 1 - PDF",
        "size": 13107200,
        "type": "application/pdf",
        "url": "monthly-newsletters-volume-1.pdf"
      }
    ],
    "seo": {
      "title": "School Counseling Monthly Parent Newsletters - Volume 1",
      "description": "12 monthly newsletter templates for school counselors to communicate effectively with parents. Includes tips, resources, and age-appropriate content.",
      "keywords": [
        "parent communication",
        "newsletters",
        "school counseling",
        "templates",
        "monthly"
      ]
    },
    "createdAt": "2024-01-10T14:30:00Z",
    "updatedAt": "2024-01-10T14:30:00Z"
  },
  {
    "id": "product-3",
    "slug": "time-to-reflect-horseplay-fighting-worksheets",
    "title": "Time to Reflect - Horseplay and Fighting Reflection Worksheets",
    "description": "Comprehensive reflection worksheets designed for students who have been involved in horseplay or fighting. Perfect for in-school suspension, detention, or restorative justice practices. Helps students process their actions and develop better decision-making skills.",
    "shortDescription": "Reflection worksheets for horseplay and fighting incidents",
    "price": 3.25,
    "originalPrice": 4.50,
    "status": "active",
    "type": "digital",
    "categories": [
      "Behavior Management",
      "Worksheets"
    ],
    "tags": [
      "reflection",
      "behavior",
      "horseplay",
      "fighting",
      "restorative justice"
    ],
    "grades": [
      "K-5",
      "6-8",
      "9-12"
    ],
    "featured": false,
    "cover": "/images/products/reflection-worksheets-1.jpg",
    "files": [
      {
        "name": "Reflection Worksheets - PDF",
        "size": 2936012,
        "type": "application/pdf",
        "url": "reflection-worksheets.pdf"
      }
    ],
    "seo": {
      "title": "Time to Reflect - Horseplay and Fighting Worksheets",
      "description": "Reflection worksheets for students involved in horseplay or fighting. Perfect for ISS, detention, or restorative justice practices.",
      "keywords": [
        "reflection worksheets",
        "behavior management",
        "horseplay",
        "fighting",
        "restorative justice"
      ]
    },
    "createdAt": "2024-01-05T09:15:00Z",
    "updatedAt": "2024-01-05T09:15:00Z"
  },
  {
    "id": "product-4",
    "slug": "mindful-walking-worksheets-calming-prompts",
    "title": "Mindful Walking Worksheets - Calming Prompts for Observation",
    "description": "A set of calming worksheets designed to guide students through mindful walking exercises. Perfect for stress relief, emotional regulation, and teaching mindfulness techniques. Suitable for grades 3-12.",
    "shortDescription": "Mindful walking worksheets with calming prompts for grades 3-12",
    "price": 2.75,
    "originalPrice": 3.50,
    "status": "active",
    "type": "digital",
    "categories": [
      "Mental Health",
      "Mindfulness"
    ],
    "tags": [
      "mindfulness",
      "walking",
      "calming",
      "stress relief",
      "emotional regulation"
    ],
    "grades": [
      "3-5",
      "6-8",
      "9-12"
    ],
    "featured": true,
    "cover": "/images/products/mindful-walking-1.jpg",
    "files": [
      {
        "name": "Mindful Walking Worksheets - PDF",
        "size": 1992294,
        "type": "application/pdf",
        "url": "mindful-walking-worksheets.pdf"
      }
    ],
    "seo": {
      "title": "Mindful Walking Worksheets - Calming Prompts for Students",
      "description": "Mindful walking worksheets with calming prompts for observation and reflection. Perfect for teaching mindfulness and stress relief to students.",
      "keywords": [
        "mindfulness",
        "walking",
        "calming",
        "stress relief",
        "emotional regulation"
      ]
    },
    "createdAt": "2024-01-12T11:20:00Z",
    "updatedAt": "2024-01-12T11:20:00Z"
  },
  {
    "id": "product-5",
    "slug": "school-nurse-counselor-wellness-collab-poster",
    "title": "School Nurse and School Counselor Student Wellness Collab Poster",
    "description": "A collaborative poster activity designed to foster teamwork between school nurses and counselors while promoting student wellness. Students work together to create a beautiful display that highlights the importance of both physical and mental health.",
    "shortDescription": "Collaborative poster for school nurse and counselor wellness",
    "price": 4.00,
    "originalPrice": 5.50,
    "status": "active",
    "type": "digital",
    "categories": [
      "Collaboration",
      "Posters"
    ],
    "tags": [
      "collaboration",
      "wellness",
      "poster",
      "teamwork",
      "health"
    ],
    "grades": [
      "K-5",
      "6-8"
    ],
    "featured": false,
    "cover": "/images/products/wellness-poster-1.jpg",
    "files": [
      {
        "name": "Wellness Collab Poster - PDF",
        "size": 4299161,
        "type": "application/pdf",
        "url": "wellness-collab-poster.pdf"
      }
    ],
    "seo": {
      "title": "School Nurse and Counselor Student Wellness Collaboration Poster",
      "description": "Collaborative poster activity for school nurses and counselors to promote student wellness and teamwork.",
      "keywords": [
        "collaboration",
        "wellness",
        "poster",
        "school nurse",
        "school counselor"
      ]
    },
    "createdAt": "2024-01-08T16:45:00Z",
    "updatedAt": "2024-01-08T16:45:00Z"
  }
]