{
  "TableName": "nyasc-platform",
  "AttributeDefinitions": [
    {
      "AttributeName": "PK",
      "AttributeType": "S"
    },
    {
      "AttributeName": "SK",
      "AttributeType": "S"
    },
    {
      "AttributeName": "GSI1PK",
      "AttributeType": "S"
    },
    {
      "AttributeName": "GSI1SK",
      "AttributeType": "S"
    }
  ],
  "KeySchema": [
    {
      "AttributeName": "PK",
      "KeyType": "HASH"
    },
    {
      "AttributeName": "SK",
      "KeyType": "RANGE"
    }
  ],
  "GlobalSecondaryIndexes": [
    {
      "IndexName": "GSI1",
      "KeySchema": [
        {
          "AttributeName": "GSI1PK",
          "KeyType": "HASH"
        },
        {
          "AttributeName": "GSI1SK",
          "KeyType": "RANGE"
        }
      ],
      "Projection": {
        "ProjectionType": "ALL"
      }
    }
  ],
  "BillingMode": "PAY_PER_REQUEST"
}
